<?xml version="1.0" encoding="UTF-8"?>
<FileZilla3 version="3.46.3" platform="windows">
	<Servers>
		<Server>
			<Host>15.185.147.123</Host>
			<Port>22</Port>
			<Protocol>1</Protocol>
			<Type>0</Type>
			<User>ubuntu</User>
			<Keyfile>E:/angular-projects/dietcater-com/dietcater.pem</Keyfile>
			<Logontype>5</Logontype>
			<TimezoneOffset>0</TimezoneOffset>
			<PasvMode>MODE_DEFAULT</PasvMode>
			<MaximumMultipleConnections>0</MaximumMultipleConnections>
			<EncodingType>Auto</EncodingType>
			<BypassProxy>0</BypassProxy>
			<Name>DietCaters</Name>
			<Comments />
			<Colour>0</Colour>
			<LocalDir />
			<RemoteDir />
			<SyncBrowsing>0</SyncBrowsing>
			<DirectoryComparison>0</DirectoryComparison>
		</Server>
	</Servers>
</FileZilla3>
